Question,Answer
"What is the address of Octank Pet Store?","Octank Pet Store is located at 1234 Bark Street, Pet City, TX 56789."
"What are the store hours for Octank Pet Store?","Our store is open Monday to Friday from 9:00 AM to 7:00 PM, and on weekends from 10:00 AM to 6:00 PM."
"Does Octank Pet Store offer online shopping?","Yes, we offer online shopping on our website, www.octankpetstore.com, with home delivery and in-store pickup options."
"What is Octank Pet Store's return policy?","We offer a no reason asked 30-day return policy on most items with a valid receipt."
"Can I return opened pet food?","Unfortunately, we cannot accept returns on opened pet food unless there is a defect or quality issue."
"Does Octank Pet Store have a loyalty program?","Yes, we offer a loyalty program where customers earn points for every purchase that can be redeemed for discounts on future purchases."
"Does Octank Pet Store sell live animals?","Yes, we sell a variety of live animals including fish, birds, small mammals, and reptiles."
"What payment methods does Octank Pet Store accept?","We accept cash, credit cards, debit cards, and Octank gift cards. We also offer financing options for large purchases."
"Does Octank Pet Store offer pet grooming services?","Yes, we offer full-service grooming by appointment. Please contact the store or visit our website to book."
"Does Octank Pet Store have a veterinarian on-site?","We do not have a veterinarian on-site, but we offer a list of trusted local vets that we recommend for your pet's healthcare needs."
"Does Octank Pet Store provide pet training classes?","Yes, we offer pet training classes for puppies and adult dogs. Please visit our website for schedules and availability."
"Is Octank Pet Store pet-friendly?","Yes, we encourage customers to bring their pets to the store as long as they are on a leash or in a carrier."
"Does Octank Pet Store offer curbside pickup?","Yes, we offer curbside pickup for online orders. Simply select 'curbside' at checkout and call us when you arrive."
"Are there any discounts for new pet owners at Octank Pet Store?","Yes, we offer special discounts for new pet owners, including 10% off your first purchase."
"What is Octank Pet Store's contact email?","You can reach us at info@octankpetstore.com"